id,from,to,req,status
1,7,1,0,Scheduled
2,7,11,39,Scheduled
3,7,10,79,Scheduled
4,7,6,118,Scheduled
5,2,7,158,Scheduled
6,10,6,197,Scheduled
7,11,8,237,Scheduled
8,12,9,276,Scheduled
9,9,7,316,Scheduled
10,1,7,355,Scheduled
11,1,8,395,Scheduled
12,7,12,434,Scheduled
13,2,8,474,Scheduled
14,10,7,513,Scheduled
15,11,6,553,Scheduled
16,12,5,592,Scheduled
17,12,9,632,Scheduled
18,1,5,671,Scheduled
19,9,6,711,Scheduled
20,9,8,750,Scheduled
21,1,6,789,Scheduled
22,8,11,829,Scheduled
23,8,12,868,Scheduled
24,3,2,908,Scheduled
25,10,6,947,Scheduled
26,1,4,987,Scheduled
27,7,9,1026,Scheduled
28,6,1,1066,Scheduled
29,4,12,1105,Scheduled
30,5,11,1145,Scheduled
31,6,10,1184,Scheduled
32,7,9,1224,Scheduled
33,8,2,1263,Scheduled
34,9,3,1303,Scheduled
35,10,4,1342,Scheduled
36,11,5,1382,Scheduled
37,12,6,1421,Scheduled
38,7,1,1461,Scheduled
39,7,11,1500,Scheduled
40,7,10,2000,Scheduled
